<xml xmlns:o="urn:schemas-microsoft-com:office:office">
 <o:MainFile HRef="../CIMeandoc.htm"/>
 <o:File HRef="image014.png"/>
 <o:File HRef="image002.jpg"/>
 <o:File HRef="image005.png"/>
 <o:File HRef="image003.jpg"/>
 <o:File HRef="image004.wmz"/>
 <o:File HRef="image006.gif"/>
 <o:File HRef="oledata.mso"/>
 <o:File HRef="image015.wmz"/>
 <o:File HRef="image008.gif"/>
 <o:File HRef="image020.wmz"/>
 <o:File HRef="image010.gif"/>
 <o:File HRef="image021.wmz"/>
 <o:File HRef="image012.gif"/>
 <o:File HRef="image022.wmz"/>
 <o:File HRef="image023.gif"/>
 <o:File HRef="image009.gif"/>
 <o:File HRef="image027.wmz"/>
 <o:File HRef="image011.gif"/>
 <o:File HRef="image029.wmz"/>
 <o:File HRef="image013.gif"/>
 <o:File HRef="filelist.xml"/>
</xml>