<xml xmlns:o="urn:schemas-microsoft-com:office:office">
 <o:MainFile HRef="../SSMeandoc.htm"/>
 <o:File HRef="image001.png"/>
 <o:File HRef="image004.jpg"/>
 <o:File HRef="image021.png"/>
 <o:File HRef="image007.jpg"/>
 <o:File HRef="image022.wmz"/>
 <o:File HRef="image009.gif"/>
 <o:File HRef="oledata.mso"/>
 <o:File HRef="image023.wmz"/>
 <o:File HRef="image006.gif"/>
 <o:File HRef="image024.wmz"/>
 <o:File HRef="image008.gif"/>
 <o:File HRef="image025.wmz"/>
 <o:File HRef="image010.gif"/>
 <o:File HRef="image026.wmz"/>
 <o:File HRef="image012.gif"/>
 <o:File HRef="image027.wmz"/>
 <o:File HRef="image014.gif"/>
 <o:File HRef="image028.wmz"/>
 <o:File HRef="image016.gif"/>
 <o:File HRef="image029.wmz"/>
 <o:File HRef="image018.gif"/>
 <o:File HRef="image030.wmz"/>
 <o:File HRef="image020.gif"/>
 <o:File HRef="filelist.xml"/>
</xml>