<xml xmlns:o="urn:schemas-microsoft-com:office:office">
 <o:MainFile HRef="../Anovadoc.htm"/>
 <o:File HRef="image002.png"/>
 <o:File HRef="image005.jpg"/>
 <o:File HRef="image008.png"/>
 <o:File HRef="image012.jpg"/>
 <o:File HRef="image007.wmz"/>
 <o:File HRef="image004.gif"/>
 <o:File HRef="oledata.mso"/>
 <o:File HRef="image013.wmz"/>
 <o:File HRef="image016.gif"/>
 <o:File HRef="image033.wmz"/>
 <o:File HRef="image018.gif"/>
 <o:File HRef="image034.wmz"/>
 <o:File HRef="image020.gif"/>
 <o:File HRef="image035.wmz"/>
 <o:File HRef="image022.gif"/>
 <o:File HRef="image036.wmz"/>
 <o:File HRef="image024.gif"/>
 <o:File HRef="image037.wmz"/>
 <o:File HRef="image026.gif"/>
 <o:File HRef="image038.wmz"/>
 <o:File HRef="image028.gif"/>
 <o:File HRef="image039.wmz"/>
 <o:File HRef="image030.gif"/>
 <o:File HRef="image040.wmz"/>
 <o:File HRef="image032.gif"/>
 <o:File HRef="image041.wmz"/>
 <o:File HRef="image006.gif"/>
 <o:File HRef="image042.wmz"/>
 <o:File HRef="image010.gif"/>
 <o:File HRef="image043.wmz"/>
 <o:File HRef="image015.gif"/>
 <o:File HRef="filelist.xml"/>
</xml>