<xml xmlns:o="urn:schemas-microsoft-com:office:office">
 <o:MainFile HRef="../PowerMeandoc.htm"/>
 <o:File HRef="image008.png"/>
 <o:File HRef="image001.jpg"/>
 <o:File HRef="image010.png"/>
 <o:File HRef="image011.jpg"/>
 <o:File HRef="image009.wmz"/>
 <o:File HRef="image024.gif"/>
 <o:File HRef="oledata.mso"/>
 <o:File HRef="image013.wmz"/>
 <o:File HRef="image026.gif"/>
 <o:File HRef="image014.wmz"/>
 <o:File HRef="image028.gif"/>
 <o:File HRef="image015.wmz"/>
 <o:File HRef="image030.gif"/>
 <o:File HRef="image016.wmz"/>
 <o:File HRef="image032.gif"/>
 <o:File HRef="image017.wmz"/>
 <o:File HRef="image034.gif"/>
 <o:File HRef="image018.wmz"/>
 <o:File HRef="image036.gif"/>
 <o:File HRef="filelist.xml"/>
</xml>