<xml xmlns:o="urn:schemas-microsoft-com:office:office">
 <o:MainFile HRef="../ProportionDoc.htm"/>
 <o:File HRef="image001.png"/>
 <o:File HRef="image003.jpg"/>
 <o:File HRef="oledata.mso"/>
 <o:File HRef="image004.png"/>
 <o:File HRef="image025.jpg"/>
 <o:File HRef="image045.wmz"/>
 <o:File HRef="image006.gif"/>
 <o:File HRef="image046.wmz"/>
 <o:File HRef="image008.gif"/>
 <o:File HRef="image047.wmz"/>
 <o:File HRef="image006.gif"/>
 <o:File HRef="image048.wmz"/>
 <o:File HRef="image011.gif"/>
 <o:File HRef="image049.wmz"/>
 <o:File HRef="image013.gif"/>
 <o:File HRef="image050.wmz"/>
 <o:File HRef="image015.gif"/>
 <o:File HRef="image051.wmz"/>
 <o:File HRef="image017.gif"/>
 <o:File HRef="image052.wmz"/>
 <o:File HRef="image020.gif"/>
 <o:File HRef="image053.wmz"/>
 <o:File HRef="image024.gif"/>
 <o:File HRef="image054.wmz"/>
 <o:File HRef="image019.gif"/>
 <o:File HRef="image055.wmz"/>
 <o:File HRef="image021.gif"/>
 <o:File HRef="image056.wmz"/>
 <o:File HRef="image027.gif"/>
 <o:File HRef="image057.wmz"/>
 <o:File HRef="image029.gif"/>
 <o:File HRef="image029.gif"/>
 <o:File HRef="image058.wmz"/>
 <o:File HRef="image031.gif"/>
 <o:File HRef="image059.wmz"/>
 <o:File HRef="image033.gif"/>
 <o:File HRef="image060.wmz"/>
 <o:File HRef="image035.gif"/>
 <o:File HRef="image061.wmz"/>
 <o:File HRef="image037.gif"/>
 <o:File HRef="image062.wmz"/>
 <o:File HRef="image039.gif"/>
 <o:File HRef="image063.wmz"/>
 <o:File HRef="image041.gif"/>
 <o:File HRef="image064.wmz"/>
 <o:File HRef="image043.gif"/>
 <o:File HRef="header.htm"/>
 <o:File HRef="filelist.xml"/>
</xml>