<xml xmlns:o="urn:schemas-microsoft-com:office:office">
 <o:MainFile HRef="../PersonTimex2Doc.htm"/>
 <o:File HRef="image001.wmz"/>
 <o:File HRef="image002.gif"/>
 <o:File HRef="oledata.mso"/>
 <o:File HRef="image003.wmz"/>
 <o:File HRef="image004.gif"/>
 <o:File HRef="image005.wmz"/>
 <o:File HRef="image006.gif"/>
 <o:File HRef="image007.wmz"/>
 <o:File HRef="image008.gif"/>
 <o:File HRef="image009.wmz"/>
 <o:File HRef="image010.gif"/>
 <o:File HRef="image011.wmz"/>
 <o:File HRef="image012.gif"/>
 <o:File HRef="image013.wmz"/>
 <o:File HRef="image014.gif"/>
 <o:File HRef="image015.wmz"/>
 <o:File HRef="image016.gif"/>
 <o:File HRef="image017.wmz"/>
 <o:File HRef="image018.gif"/>
 <o:File HRef="image019.wmz"/>
 <o:File HRef="image020.gif"/>
 <o:File HRef="image021.wmz"/>
 <o:File HRef="image022.gif"/>
 <o:File HRef="image023.wmz"/>
 <o:File HRef="image024.gif"/>
 <o:File HRef="image025.wmz"/>
 <o:File HRef="image026.gif"/>
 <o:File HRef="image027.wmz"/>
 <o:File HRef="image028.gif"/>
 <o:File HRef="image029.wmz"/>
 <o:File HRef="image030.gif"/>
 <o:File HRef="image031.wmz"/>
 <o:File HRef="image032.gif"/>
 <o:File HRef="image033.wmz"/>
 <o:File HRef="image034.gif"/>
 <o:File HRef="image035.wmz"/>
 <o:File HRef="image036.gif"/>
 <o:File HRef="image037.wmz"/>
 <o:File HRef="image038.gif"/>
 <o:File HRef="image039.wmz"/>
 <o:File HRef="image040.gif"/>
 <o:File HRef="image041.wmz"/>
 <o:File HRef="image042.gif"/>
 <o:File HRef="image043.wmz"/>
 <o:File HRef="image044.gif"/>
 <o:File HRef="image045.wmz"/>
 <o:File HRef="image046.gif"/>
 <o:File HRef="image047.wmz"/>
 <o:File HRef="image048.gif"/>
 <o:File HRef="image049.wmz"/>
 <o:File HRef="image050.gif"/>
 <o:File HRef="image051.wmz"/>
 <o:File HRef="image052.gif"/>
 <o:File HRef="image053.wmz"/>
 <o:File HRef="image054.gif"/>
 <o:File HRef="image055.wmz"/>
 <o:File HRef="image056.gif"/>
 <o:File HRef="image057.wmz"/>
 <o:File HRef="image058.gif"/>
 <o:File HRef="image059.wmz"/>
 <o:File HRef="image060.gif"/>
 <o:File HRef="image061.wmz"/>
 <o:File HRef="image062.gif"/>
 <o:File HRef="image063.wmz"/>
 <o:File HRef="image064.gif"/>
 <o:File HRef="image065.wmz"/>
 <o:File HRef="image066.gif"/>
 <o:File HRef="image067.wmz"/>
 <o:File HRef="image068.gif"/>
 <o:File HRef="image069.wmz"/>
 <o:File HRef="image070.gif"/>
 <o:File HRef="image071.wmz"/>
 <o:File HRef="image072.gif"/>
 <o:File HRef="image073.wmz"/>
 <o:File HRef="image074.gif"/>
 <o:File HRef="image075.wmz"/>
 <o:File HRef="image076.gif"/>
 <o:File HRef="image077.wmz"/>
 <o:File HRef="image078.gif"/>
 <o:File HRef="image079.wmz"/>
 <o:File HRef="image080.gif"/>
 <o:File HRef="image081.wmz"/>
 <o:File HRef="image082.gif"/>
 <o:File HRef="image083.wmz"/>
 <o:File HRef="image084.gif"/>
 <o:File HRef="image085.wmz"/>
 <o:File HRef="image086.gif"/>
 <o:File HRef="image087.wmz"/>
 <o:File HRef="image088.gif"/>
 <o:File HRef="image089.wmz"/>
 <o:File HRef="image090.gif"/>
 <o:File HRef="image091.wmz"/>
 <o:File HRef="image092.gif"/>
 <o:File HRef="image093.wmz"/>
 <o:File HRef="image094.gif"/>
 <o:File HRef="image095.wmz"/>
 <o:File HRef="image096.gif"/>
 <o:File HRef="image097.wmz"/>
 <o:File HRef="image098.gif"/>
 <o:File HRef="image099.wmz"/>
 <o:File HRef="image100.gif"/>
 <o:File HRef="image101.wmz"/>
 <o:File HRef="image102.gif"/>
 <o:File HRef="image103.wmz"/>
 <o:File HRef="image104.gif"/>
 <o:File HRef="header.htm"/>
 <o:File HRef="filelist.xml"/>
</xml>