<xml xmlns:o="urn:schemas-microsoft-com:office:office">
 <o:MainFile HRef="../SMRDoc.htm"/>
 <o:File HRef="image025.png"/>
 <o:File HRef="image009.jpg"/>
 <o:File HRef="image002.png"/>
 <o:File HRef="image011.gif"/>
 <o:File HRef="image013.wmz"/>
 <o:File HRef="image004.gif"/>
 <o:File HRef="oledata.mso"/>
 <o:File HRef="image016.wmz"/>
 <o:File HRef="image010.gif"/>
 <o:File HRef="image017.wmz"/>
 <o:File HRef="image012.gif"/>
 <o:File HRef="image020.wmz"/>
 <o:File HRef="image015.gif"/>
 <o:File HRef="image024.wmz"/>
 <o:File HRef="image021.gif"/>
 <o:File HRef="image026.wmz"/>
 <o:File HRef="image019.gif"/>
 <o:File HRef="image030.wmz"/>
 <o:File HRef="image042.gif"/>
 <o:File HRef="image032.wmz"/>
 <o:File HRef="image044.gif"/>
 <o:File HRef="image042.gif"/>
 <o:File HRef="image044.gif"/>
 <o:File HRef="image034.wmz"/>
 <o:File HRef="image048.gif"/>
 <o:File HRef="image035.wmz"/>
 <o:File HRef="image050.gif"/>
 <o:File HRef="image036.wmz"/>
 <o:File HRef="image052.gif"/>
 <o:File HRef="image037.wmz"/>
 <o:File HRef="image064.gif"/>
 <o:File HRef="image041.wmz"/>
 <o:File HRef="image067.gif"/>
 <o:File HRef="image047.wmz"/>
 <o:File HRef="image038.gif"/>
 <o:File HRef="image054.wmz"/>
 <o:File HRef="image045.gif"/>
 <o:File HRef="image055.wmz"/>
 <o:File HRef="image063.gif"/>
 <o:File HRef="image056.wmz"/>
 <o:File HRef="image065.gif"/>
 <o:File HRef="image057.wmz"/>
 <o:File HRef="image033.gif"/>
 <o:File HRef="image058.wmz"/>
 <o:File HRef="image039.gif"/>
 <o:File HRef="image059.wmz"/>
 <o:File HRef="image022.gif"/>
 <o:File HRef="image060.wmz"/>
 <o:File HRef="image023.gif"/>
 <o:File HRef="image076.wmz"/>
 <o:File HRef="image028.gif"/>
 <o:File HRef="image077.wmz"/>
 <o:File HRef="image029.gif"/>
 <o:File HRef="image078.wmz"/>
 <o:File HRef="image031.gif"/>
 <o:File HRef="header.htm"/>
 <o:File HRef="filelist.xml"/>
</xml>