<xml xmlns:o="urn:schemas-microsoft-com:office:office">
 <o:MainFile HRef="../TwobyTwoDoc.htm"/>
 <o:File HRef="image001.wmz"/>
 <o:File HRef="image002.gif"/>
 <o:File HRef="oledata.mso"/>
 <o:File HRef="image003.wmz"/>
 <o:File HRef="image004.gif"/>
 <o:File HRef="image005.wmz"/>
 <o:File HRef="image006.gif"/>
 <o:File HRef="image007.wmz"/>
 <o:File HRef="image008.gif"/>
 <o:File HRef="image009.wmz"/>
 <o:File HRef="image010.gif"/>
 <o:File HRef="image011.wmz"/>
 <o:File HRef="image012.gif"/>
 <o:File HRef="image013.wmz"/>
 <o:File HRef="image014.gif"/>
 <o:File HRef="image015.wmz"/>
 <o:File HRef="image016.gif"/>
 <o:File HRef="image017.wmz"/>
 <o:File HRef="image018.gif"/>
 <o:File HRef="image019.wmz"/>
 <o:File HRef="image020.gif"/>
 <o:File HRef="image021.wmz"/>
 <o:File HRef="image022.gif"/>
 <o:File HRef="image023.wmz"/>
 <o:File HRef="image024.gif"/>
 <o:File HRef="image025.wmz"/>
 <o:File HRef="image026.gif"/>
 <o:File HRef="image027.wmz"/>
 <o:File HRef="image028.gif"/>
 <o:File HRef="image029.wmz"/>
 <o:File HRef="image030.gif"/>
 <o:File HRef="image031.wmz"/>
 <o:File HRef="image032.gif"/>
 <o:File HRef="image033.wmz"/>
 <o:File HRef="image034.gif"/>
 <o:File HRef="image035.wmz"/>
 <o:File HRef="image036.gif"/>
 <o:File HRef="image037.wmz"/>
 <o:File HRef="image038.gif"/>
 <o:File HRef="image039.wmz"/>
 <o:File HRef="image040.gif"/>
 <o:File HRef="image041.wmz"/>
 <o:File HRef="image042.gif"/>
 <o:File HRef="image043.wmz"/>
 <o:File HRef="image044.gif"/>
 <o:File HRef="image045.wmz"/>
 <o:File HRef="image046.gif"/>
 <o:File HRef="image047.wmz"/>
 <o:File HRef="image048.gif"/>
 <o:File HRef="image049.wmz"/>
 <o:File HRef="image050.gif"/>
 <o:File HRef="image051.wmz"/>
 <o:File HRef="image052.gif"/>
 <o:File HRef="image053.wmz"/>
 <o:File HRef="image054.gif"/>
 <o:File HRef="image055.wmz"/>
 <o:File HRef="image056.gif"/>
 <o:File HRef="image057.wmz"/>
 <o:File HRef="image058.gif"/>
 <o:File HRef="image059.wmz"/>
 <o:File HRef="image060.gif"/>
 <o:File HRef="image061.wmz"/>
 <o:File HRef="image062.gif"/>
 <o:File HRef="image063.wmz"/>
 <o:File HRef="image064.gif"/>
 <o:File HRef="image065.wmz"/>
 <o:File HRef="image066.gif"/>
 <o:File HRef="image067.wmz"/>
 <o:File HRef="image068.gif"/>
 <o:File HRef="image069.wmz"/>
 <o:File HRef="image070.gif"/>
 <o:File HRef="image071.wmz"/>
 <o:File HRef="image072.gif"/>
 <o:File HRef="image073.wmz"/>
 <o:File HRef="image074.gif"/>
 <o:File HRef="image075.wmz"/>
 <o:File HRef="image076.gif"/>
 <o:File HRef="image077.wmz"/>
 <o:File HRef="image078.gif"/>
 <o:File HRef="image079.wmz"/>
 <o:File HRef="image080.gif"/>
 <o:File HRef="image081.wmz"/>
 <o:File HRef="image082.gif"/>
 <o:File HRef="image083.wmz"/>
 <o:File HRef="image084.gif"/>
 <o:File HRef="image085.wmz"/>
 <o:File HRef="image086.gif"/>
 <o:File HRef="image087.wmz"/>
 <o:File HRef="image088.gif"/>
 <o:File HRef="image089.wmz"/>
 <o:File HRef="image090.gif"/>
 <o:File HRef="image091.wmz"/>
 <o:File HRef="image092.gif"/>
 <o:File HRef="image093.wmz"/>
 <o:File HRef="image094.gif"/>
 <o:File HRef="image095.wmz"/>
 <o:File HRef="image096.gif"/>
 <o:File HRef="image097.wmz"/>
 <o:File HRef="image098.gif"/>
 <o:File HRef="image099.wmz"/>
 <o:File HRef="image100.gif"/>
 <o:File HRef="image101.wmz"/>
 <o:File HRef="image102.gif"/>
 <o:File HRef="image103.wmz"/>
 <o:File HRef="image104.gif"/>
 <o:File HRef="image105.wmz"/>
 <o:File HRef="image106.gif"/>
 <o:File HRef="image107.wmz"/>
 <o:File HRef="image108.gif"/>
 <o:File HRef="image109.wmz"/>
 <o:File HRef="image110.gif"/>
 <o:File HRef="image111.wmz"/>
 <o:File HRef="image112.gif"/>
 <o:File HRef="image113.wmz"/>
 <o:File HRef="image114.gif"/>
 <o:File HRef="image115.wmz"/>
 <o:File HRef="image116.gif"/>
 <o:File HRef="image117.wmz"/>
 <o:File HRef="image118.gif"/>
 <o:File HRef="image119.wmz"/>
 <o:File HRef="image120.gif"/>
 <o:File HRef="image121.wmz"/>
 <o:File HRef="image122.gif"/>
 <o:File HRef="image123.wmz"/>
 <o:File HRef="image124.gif"/>
 <o:File HRef="image125.wmz"/>
 <o:File HRef="image126.gif"/>
 <o:File HRef="image127.wmz"/>
 <o:File HRef="image128.gif"/>
 <o:File HRef="image129.wmz"/>
 <o:File HRef="image130.gif"/>
 <o:File HRef="image131.wmz"/>
 <o:File HRef="image132.gif"/>
 <o:File HRef="image133.wmz"/>
 <o:File HRef="image134.gif"/>
 <o:File HRef="image135.wmz"/>
 <o:File HRef="image136.gif"/>
 <o:File HRef="image137.wmz"/>
 <o:File HRef="image138.gif"/>
 <o:File HRef="image139.wmz"/>
 <o:File HRef="image140.gif"/>
 <o:File HRef="image141.wmz"/>
 <o:File HRef="image142.gif"/>
 <o:File HRef="image143.wmz"/>
 <o:File HRef="image144.gif"/>
 <o:File HRef="image145.wmz"/>
 <o:File HRef="image146.gif"/>
 <o:File HRef="image147.wmz"/>
 <o:File HRef="image148.gif"/>
 <o:File HRef="image149.wmz"/>
 <o:File HRef="image150.gif"/>
 <o:File HRef="image151.wmz"/>
 <o:File HRef="image152.gif"/>
 <o:File HRef="image153.wmz"/>
 <o:File HRef="image154.gif"/>
 <o:File HRef="image155.wmz"/>
 <o:File HRef="image156.gif"/>
 <o:File HRef="image157.wmz"/>
 <o:File HRef="image158.gif"/>
 <o:File HRef="image159.wmz"/>
 <o:File HRef="image160.gif"/>
 <o:File HRef="image161.wmz"/>
 <o:File HRef="image162.gif"/>
 <o:File HRef="image163.wmz"/>
 <o:File HRef="image164.gif"/>
 <o:File HRef="image165.wmz"/>
 <o:File HRef="image166.gif"/>
 <o:File HRef="image167.wmz"/>
 <o:File HRef="image168.gif"/>
 <o:File HRef="image169.wmz"/>
 <o:File HRef="image170.gif"/>
 <o:File HRef="image171.wmz"/>
 <o:File HRef="image172.gif"/>
 <o:File HRef="header.htm"/>
 <o:File HRef="filelist.xml"/>
</xml>