<xml xmlns:o="urn:schemas-microsoft-com:office:office">
 <o:MainFile HRef="../PersonTime1Doc.htm"/>
 <o:File HRef="image001.png"/>
 <o:File HRef="image022.jpg"/>
 <o:File HRef="oledata.mso"/>
 <o:File HRef="image018.png"/>
 <o:File HRef="image026.jpg"/>
 <o:File HRef="image028.wmz"/>
 <o:File HRef="image005.gif"/>
 <o:File HRef="image029.wmz"/>
 <o:File HRef="image008.gif"/>
 <o:File HRef="image030.wmz"/>
 <o:File HRef="image011.gif"/>
 <o:File HRef="image008.gif"/>
 <o:File HRef="image011.gif"/>
 <o:File HRef="image031.wmz"/>
 <o:File HRef="image014.gif"/>
 <o:File HRef="image032.wmz"/>
 <o:File HRef="image025.gif"/>
 <o:File HRef="image033.wmz"/>
 <o:File HRef="image020.gif"/>
 <o:File HRef="image034.wmz"/>
 <o:File HRef="image024.gif"/>
 <o:File HRef="image035.wmz"/>
 <o:File HRef="image038.gif"/>
 <o:File HRef="image036.wmz"/>
 <o:File HRef="image013.gif"/>
 <o:File HRef="image042.wmz"/>
 <o:File HRef="image015.gif"/>
 <o:File HRef="image043.wmz"/>
 <o:File HRef="image017.gif"/>
 <o:File HRef="image044.wmz"/>
 <o:File HRef="image021.gif"/>
 <o:File HRef="image045.wmz"/>
 <o:File HRef="image027.gif"/>
 <o:File HRef="header.htm"/>
 <o:File HRef="filelist.xml"/>
</xml>